country,location,name,code
Algeria,Adrar,Touat-Cheikh Sidi Mohamed Belkebir Airport,AZR
Algeria,Algiers,Houari Boumedienne Airport,ALG
Algeria,Annaba,Rabah Bitat Airport,AAE
Algeria,Batna,Batna Airport,BLJ
Algeria,Bejaia,Soummam Airport,BJA
Algeria,Oumache,Biskra Airport,BSK
Algeria,Chlef,Chlef International Airport,CFK
Algeria,Constantine,Mohamed Boudiaf Airport,CZL
Algeria,Hassi Messaoud,Oued Irara Airport,HME
Algeria,Jijel,Jijel Ferhat Abbas Airport,GJL
Algeria,Oran,Oran Es Senia Airport,ORN
Algeria,Sétif,Ain Arnat Airport,QSF
Algeria,Tamanrasset,Tamanrasset Airport,TMR
Algeria,Tlemcen,Zenata Airport,TLM
Angola,Luanda,Quatro de Fevereiro Airport,LAD
Angola,Lubango,Lubango Airport,SDD
Benin,Cotonou,Cadjehoun Airport,COO
Botswana,Gaborone,Sir Seretse Khama International Airport,GBE
Botswana,Maun,Maun Airport,MUB
Botswana,Francistown,Francistown Airport,FRW
Botswana,Kasane,Kasane Airport,BBK
Burkina Faso,Bobo-Dioulasso,Bobo Dioulasso Airport,BOY
Burkina Faso,Ouagadougou,Ouagadougou Airport,OUA
Burundi,Bujumbura,Bujumbura International Airport,BJM
Cameroon,Douala,Douala Airport,DLA
Cameroon,Yaoundé,Nsimalen Airport,NSI
Cape Verde,Boa Vista Island,Aristides Pereira International Airport,BVC
Cape Verde,Sal Island,Amílcar Cabral International Airport,SID
Cape Verde,"Praia, Santiago Island",Nelson Mandela International Airport,RAI
Cape Verde,Sao Vicente Island,Cesária Évora Airport,VXE
Central African Republic,Bangui,M'Poko International Airport,BGF
Chad,N'Djamena,N'Djamena International Airport,NDJ
Comoros,"Moroni, Comoros",Prince Said Ibrahim International Airport,HAH
Côte d'Ivoire,Abidjan,Port Bouet Airport,ABJ
Democratic Republic of the Congo,Goma,Goma International Airport,GOM
Democratic Republic of the Congo,Kinshasa,N'djili Airport,FIH
Democratic Republic of the Congo,Kisangani,Bangoka International Airport,FKI
Democratic Republic of the Congo,Lubumbashi,Lubumbashi International Airport,FBM
Republic of the Congo,Brazzaville,Maya-Maya Airport,BZV
Republic of the Congo,Pointe-Noire,Pointe Noire Airport,PNR
Djibouti,Djibouti City,Djibouti–Ambouli International Airport,JIB
Egypt,Alexandria,Borg El Arab Airport,HBE
Egypt,Alexandria,Alexandria International Airport,ALY
Egypt,Asyut,Assiut Airport,ATZ
Egypt,Aswan,Aswan International Airport,ASW
Egypt,Cairo,Cairo International Airport,CAI
Egypt,El Arish,El Arish International Airport,AAC
Egypt,El Dabaa,Al Alamain International Airport,DBB
Egypt,Hurghada,Hurghada International Airport,HRG
Egypt,Luxor,Luxor International Airport,LXR
Egypt,Marsa Alam,Marsa Alam International Airport,RMF
Egypt,Mersa Matruh,Mersa Matruh Airport,MUH
Egypt,Saint Catherine,St. Catherine International Airport,SKV
Egypt,Sharm el-Sheikh,Sharm el-Sheikh International Airport,SSH
Egypt,Sohag,Sohag International Airport,HMB
Egypt,Taba,Taba International Airport,TCP
Equatorial Guinea,Malabo,Malabo International Airport,SSG
Eritrea,Asmara,Asmara International Airport,ASM
Eswatini,Manzini,King Mswati III International Airport,SHO
Ethiopia,Addis Ababa,Addis Ababa Bole International Airport,ADD
Ethiopia,Dire Dawa,Aba Tenna Dejazmach Yilma International Airport,DIR
Gabon,Franceville,M'Vengue El Hadj Omar Bongo Ondimba International Airport,MVB
Gabon,Libreville,Libreville International Airport,LBV
Gabon,Port-Gentil,Port-Gentil International Airport,POG
The Gambia,Banjul,Banjul International Airport,BJL
Ghana,Accra,Kotoka International Airport,ACC
Ghana,Tamale,Tamale Airport,TML
Guinea,Conakry,Conakry International Airport,CKY
Guinea-Bissau,Bissau,Osvaldo Vieira International Airport,OXB
Guinea-Bissau,Bubaque,Bubaque Airport,BQE
Kenya,Eldoret,Eldoret International Airport,EDL
Kenya,Mombasa,Moi International Airport,MBA
Kenya,Kisumu,Kisumu International Airport,KIS
Kenya,Nairobi,Jomo Kenyatta International Airport,NBO
Lesotho,Maseru,Moshoeshoe I International Airport,MSU
Liberia,Monrovia,Roberts International Airport,ROB
Libya,Benghazi,Benina International Airport,BEN
Libya,Sabha,Sebha Airport,SEB
Libya,Tripoli,Tripoli International Airport,TIP
Libya,Tajoura,Mitiga International Airport,MJI
Madagascar,Antananarivo,Ivato International Airport,TNR
Madagascar,Antsiranana,Arrachart Airport,DIE
Madagascar,Mahajanga,Amborovy Airport,MJN
Madagascar,Nosy Be,Fascene Airport,NOS
Madagascar,Toamasina,Toamasina Airport,TMM
Madagascar,Tôlanaro,Tôlanaro Airport,FTU
Madagascar,Toliara,Toliara Airport,TLE
Malawi,Blantyre,Chileka International Airport,BLZ
Malawi,Lilongwe,Lilongwe International Airport,LLW
Mali,Bamako,Senou International Airport,BKO
Mauritania,Nouakchott,Nouakchott–Oumtounsy International Airport,NKC
Mauritania,Nouadhibou,Nouadhibou International Airport,NDB
Mauritius,Plaine Magnien,Sir Seewoosagur Ramgoolam International Airport,MRU
Mayotte,Dzaoudzi,Dzaoudzi–Pamandzi International Airport,DZA
Morocco,Agadir,Al Massira Airport,AGA
Morocco,Casablanca,Mohammed V International Airport,CMN
Morocco,Fes,Fes-Saïss Airport,FEZ
Morocco,Marrakech,Marrakech-Menara Airport,RAK
Morocco,Nador,Nador International Airport,NDR
Morocco,Oujda,Angads Airport,OUD
Morocco,Rabat,Rabat-Salé Airport,RBA
Morocco,Tangier,Tangier-Boukhalef Airport,TNG
Morocco,Tetouan,Sania Ramel Airport,TTU
Morocco,Dakhla,Dakhla Airport,VIL
Morocco,Laâyoune,Hassan I Airport,EUN
Mozambique,Maputo,Maputo International Airport,MPM
Mozambique,Beira,Beira Airport,BEW
Mozambique,Inhambane,Inhambane Airport,INH
Mozambique,Nampula,Nampula Airport,APL
Mozambique,Pemba,Pemba Airport,POL
Mozambique,Tete,Chingozi Airport,TET
Mozambique,Vilankulo,Vilankulo Airport,VNX
Namibia,Windhoek,Hosea Kutako International Airport,WDH
Namibia,Walvis Bay,Walvis Bay Airport,WVB
Niger,Niamey,Diori Hamani International Airport,NIM
Nigeria,Abuja,Nnamdi Azikiwe International Airport,ABV
Nigeria,Calabar,Margaret Ekpo International Airport,CBQ
Nigeria,"Asaba, Delta",Asaba International Airport,ABB
Nigeria,Kano,Mallam Aminu Kano International Airport,KAN
Nigeria,Lagos,Murtala Mohammed International Airport,LOS
Nigeria,Port Harcourt,Port Harcourt International Airport,PHC
Nigeria,Enugu,Akanu Ibiam International Airport,ENU
Nigeria,Sokoto,Sadiq Abubakar III International Airport,SKO
Réunion,Saint-Denis,Roland Garros Airport,RUN
Rwanda,Kigali,Kigali International Airport,KGL
"Saint Helena, Ascension and Tristan da Cunha",Saint Helena,Saint Helena Airport,HLE
São Tomé and Príncipe,São Tomé,São Tomé International Airport,TMS
Senegal,Dakar,Blaise Diagne International Airport,DKR
Seychelles,Victoria,Seychelles International Airport,SEZ
Sierra Leone,Freetown,Lungi International Airport,FNA
Somalia,Bosaso,Bosaso Airport,BSA
Somalia,Galkayo,Abdullahi Yusuf Airport,GBY
Somalia,Garowe,Garowe Airport,GGR
Somalia,Hargeisa,Hargeisa Airport,HGA
Somalia,Kismayo,Kismayo Airport,KMU
Somalia,Mogadishu,Aden Adde International Airport,MGQ
South Africa,Cape Town,Cape Town International Airport,CPT
South Africa,Durban,King Shaka International Airport,DUR
South Africa,Johannesburg,OR Tambo International Airport,JNB
South Africa,Nelspruit,Kruger Mpumalanga International Airport,MQP
South Africa,Johannesburg,Lanseria International Airport,HLA
South Africa,East London,East London Airport,ELS
South Sudan,Juba,Juba International Airport,JUB
Sudan,Khartoum,Khartoum International Airport,KRT
Sudan,Port Sudan,Port Sudan New International Airport,PZU
Tanzania,Dar es Salaam,Julius Nyerere International Airport,DAR
Tanzania,Hai District,Kilimanjaro International Airport,JRO
Tanzania,"Unguja, Zanzibar",Abeid Amani Karume International Airport,ZNZ
Togo,Lomé,Tokoin Airport,LFW
Tunisia,Djerba,Zarzis Airport,DJE
Tunisia,Enfidha,Enfidha-Hammamet International Airport,NBE
Tunisia,Monastir,Habib Bourguiba International Airport,MIR
Tunisia,Sfax,Thyna International Airport,SFA
Tunisia,Tabarka,Tabarka–Aïn Draham International Airport,TBJ
Tunisia,Tozeur,Nefta International Airport,TOE
Tunisia,Tunis,Carthage International Airport,TUN
Uganda,Entebbe,Entebbe International Airport,EBB
Zambia,Livingstone,Harry Mwanga Nkumbula International Airport,LVI
Zambia,Lusaka,Kenneth Kaunda International Airport,LUN
Zambia,Ndola,Simon Mwansa Kapwepwe International Airport,NLA
Zimbabwe,Harare,Robert Gabriel Mugabe International Airport,HRE
Zimbabwe,Victoria Falls,Victoria Falls Airport,VFA
Zimbabwe,Bulawayo,Joshua Mqabuko Nkomo International Airport,BUQ
Anguilla,The Valley,Clayton J. Lloyd International Airport,AXA
Antigua and Barbuda,Antigua,VC Bird International Airport,ANU
Aruba,Oranjestad,Queen Beatrix International Airport,AUA
Bahamas,Nassau,Lynden Pindling International Airport,NAS
Bahamas,Chub Cay,Chub Cay International Airport,CCZ
Bahamas,Exuma,Exuma International Airport,GGT
Bahamas,Freeport,Grand Bahama International Airport,FPO
Bahamas,South Eleuthera,Rock Sound International Airport,RSD
Bahamas,Marsh Harbour,Marsh Harbour International Airport,MHH[1]
Barbados,Bridgetown,Grantley Adams International Airport,BGI
British Virgin Islands,Road Town,Terrance B. Lettsome International Airport,EIS
Caribbean Netherlands,"Kralendijk, Bonaire",Flamingo International Airport,BON
Caribbean Netherlands,"Oranjestad, Sint Eustatius",F. D. Roosevelt Airport,EUX
Caribbean Netherlands,Saba,Juancho E. Yrausquin Airport,SAB
Cayman Islands,Cayman Brac,Charles Kirkconnell International Airport,CYB
Cayman Islands,Georgetown,Owen Roberts International Airport,GCM
Cuba,Camagüey,Ignacio Agramonte International Airport,CMW
Cuba,Cayo Coco,Jardines del Rey Airport,CCC
Cuba,Cayo Largo del Sur,Vilo Acuña Airport,CYO
Cuba,Cienfuegos,Jaime González Airport,CFG
Cuba,Havana,José Martí International Airport,HAV
Cuba,Holguín,Frank País Airport,HOG
Cuba,Santa Clara,Abel Santa María Airport,SNU
Cuba,Santiago de Cuba,Antonio Maceo Airport,SCU
Cuba,Varadero,Juan Gualberto Gómez Airport,VRA
Curaçao,Willemstad,Hato International Airport,CUR
Dominica,Roseau,Melville Hall Airport,DOM
Dominican Republic,Barahona,María Montez International Airport,BRX
Dominican Republic,La Romana,La Romana International Airport,LRM
Dominican Republic,Punta Cana,Punta Cana International Airport,PUJ
Dominican Republic,Samana,Samaná El Catey International Airport,AZS
Dominican Republic,San Felipe de Puerto Plata,Gregorio Luperón International Airport,POP
Dominican Republic,Santiago de los Caballeros,Cibao International Airport,STI
Dominican Republic,Santo Domingo,Las Américas International Airport,SDQ
Grenada,Grenada,Maurice Bishop International Airport,GND
Guadeloupe,Pointe-à-Pitre,Pôle Caraïbes International Airport,PTP
Haiti,Cap-Haïtien,Cap-Haïtien International Airport,CAP
Haiti,Port-au-Prince,Toussaint Louverture International Airport,PAP
Jamaica,Kingston,Norman Manley International Airport,KIN
Jamaica,Montego Bay,Sangster International Airport,MBJ
Martinique,Fort-de-France,Martinique Aimé Césaire International Airport,FDF
Montserrat,Brades,John A. Osborne Airport,MNI
Puerto Rico,Aguadilla,Rafael Hernández Airport,BQN
Puerto Rico,San Juan,Luis Muñoz Marín International Airport,SJU
Saint Barthélemy,St. Jean,Gustaf III Airport,SBH
Saint Kitts and Nevis,Saint Kitts,Robert L. Bradshaw International Airport,SKB
Saint Lucia,Vieux Fort Quarter,Hewanorra International Airport,UVF
Saint Vincent and the Grenadines,Kingstown,Argyle International Airport,SVD
Saint Vincent and the Grenadines,Canouan,Canouan Airport,CIW
Sint Maarten,Philipsburg,Princess Juliana International Airport,SXM
Trinidad and Tobago,Port of Spain,Piarco International Airport,POS
Trinidad and Tobago,Tobago,Arthur Napoleon Raymond Robinson International Airport (formerly Crown Point International Airport),TAB
Turks and Caicos Islands,Providenciales,Providenciales Airport,PLS
U.S. Virgin Islands,Saint Thomas,Cyril E. King Airport,STT
U.S. Virgin Islands,Saint Croix,Henry E. Rohlsen Airport,STX
Belize,Belize City,Philip S. W. Goldson International Airport,BZE
Costa Rica,Liberia,Daniel Oduber Quirós International Airport,LIR
Costa Rica,San José de Costa Rica,Juan Santamaría International Airport,SJO
El Salvador,San Salvador,Monseñor Óscar Arnulfo Romero International Airport,SAL
Guatemala,Flores,Mundo Maya International Airport,FRS
Guatemala,Guatemala City,La Aurora International Airport,GUA
Honduras,La Ceiba,Golosón International Airport,LCE
Honduras,Roatán,Juan Manuel Gálvez International Airport,RTB
Honduras,San Pedro Sula,Ramón Villeda Morales International Airport,SAP
Honduras,Tegucigalpa,Toncontin International Airport,TGU
Nicaragua,Managua,Augusto C. Sandino International Airport,MGA
Nicaragua,Bluefields,Bluefields Airport,BEF
Nicaragua,Corn Island,Corn Island Airport,RNI
Nicaragua,Puerto Cabezas,Puerto Cabezas Airport,PUZ
Panama,Bocas del Toro,"Bocas del Toro ""Isla Colón"" International Airport",BOC
Panama,"David, Chiriquí",Enrique Malek International Airport,DAV
Panama,Panama City,Tocumen International Airport,PTY
Bermuda,"St. George's, Bermuda",L.F. Wade International Airport,BDA
Canada,Calgary,Calgary International Airport,YYC
Canada,Edmonton,Edmonton International Airport,YEG
Canada,Whitehorse,Erik Nielsen Whitehorse International Airport,YXY
Canada,Gander,Gander International Airport,YQX
Canada,Halifax (Goffs),Halifax Stanfield International Airport,YHZ
Canada,Hamilton,John C. Munro Hamilton International Airport,YHM
Canada,Kelowna,Kelowna International Airport,YLK
Canada,London,London International Airport,YXU
Canada,Moncton (Dieppe),Greater Moncton International Airport,YQM
Canada,Montreal (Dorval),Montreal-Pierre Elliott Trudeau International Airport,YUL
Canada,Ottawa,Ottawa Macdonald-Cartier International Airport,YOW
Canada,Quebec City,Quebec/Jean Lesage International Airport,YQB
Canada,Regina,Regina International Airport,YQR
Canada,Saskatoon,Saskatoon John G. Diefenbaker International Airport,YXE
Canada,St. John's,St. John's International Airport,YYT
Canada,Toronto (Mississauga),Toronto Pearson International Airport,YYZ
Canada,Vancouver (Richmond),Vancouver International Airport,YVR
Canada,Victoria,Victoria International Airport,YYJ
Canada,Winnipeg,Winnipeg James Armstrong Richardson International Airport,YWG
Greenland,Kangerlussuaq,Kangerlussuaq Airport,SFJ
Greenland,Nuuk,Nuuk Airport,GOH
Greenland,Ilulissat,Ilulissat Airport,JAV
Greenland,Narsarsuaq,Narsarsuaq Airport,UAK
Mexico,Acapulco,General Juan N. Alvarez International Airport,ACA
Mexico,Aguascalientes,Lic. Jesús Terán Peredo International Airport,AGU
Mexico,Cancún,Cancun International Airport,CUN
Mexico,Chihuahua,Roberto Fierro Villalobos International Airport,CUU
Mexico,Ciudad del Carmen,Ciudad del Carmen International Airport,CME
Mexico,Cozumel,Cozumel International Airport,CZM
Mexico,Culiacán,Federal de Bachigualato International Airport,CUL
Mexico,Durango,General Guadalupe Victoria International Airport,DGO
Mexico,Guadalajara,Don Miguel Hidalgo y Costilla International Airport,GDL
Mexico,Hermosillo,Hermosillo International Airport,HMO
Mexico,Huatulco,Bahías de Huatulco International Airport,HUX
Mexico,Ixtapa,Ixtapa-Zihuatanejo International Airport,ZIH
Mexico,León,Del Bajío International Airport,BJX
Mexico,Loreto,Loreto International Airport,LTO
Mexico,Los Cabos,Los Cabos International Airport,SJD
Mexico,Manzanillo,Playa de Oro International Airport,ZLO
Mexico,Mazatlán,General Rafael Buelna International Airport,MZT
Mexico,Mérida,Manuel Crescencio Rejón International Airport,MID
Mexico,Mexico City,Mexico City International Airport,MEX
Mexico,Monterrey,General Mariano Escobedo International Airport,MTY
Mexico,Morelia,General Francisco J. Mujica International Airport,MLM
Mexico,Oaxaca,Xoxocotlán International Airport,OAX
Mexico,Puebla,Hermanos Serdán International Airport,PBC
Mexico,Puerto Vallarta,Lic. Gustavo Díaz Ordaz International Airport,PVR
Mexico,Querétaro,Querétaro Intercontinental Airport,QRO
Mexico,Reynosa,General Lucio Blanco International Airport,REX
Mexico,Saltillo,Plan de Guadalupe International Airport,SLW
Mexico,San Luis Potosí,Ponciano Arriaga International Airport,SLP
Mexico,Tampico,General Francisco Javier Mina International Airport,TAM
Mexico,Tijuana,Gral. Abelardo L. Rodríguez International Airport,TIJ
Mexico,Toluca,Lic. Adolfo López Mateos International Airport,TLC
Mexico,Torreón,Francisco Sarabia International Airport,TRC
Mexico,Tuxtla Gutierrez,Angel Albino Corzo International Airport,TGZ
Mexico,Uruapan,Uruapan International Airport,UPN
Mexico,Veracruz,General Heriberto Jara International Airport,VER
Mexico,Villahermosa,Carlos Rovirosa Pérez International Airport,VSA
Mexico,Zacatecas,General Leobardo C. Ruiz International Airport,ZCL
Saint Pierre and Miquelon,Saint-Pierre,Saint-Pierre Airport,FSP
United States,Akron,Akron Executive Airport,AKC
United States,Albany,Albany International Airport,ALB
United States,Albuquerque,Albuquerque International Sunport,ABQ
United States,Anchorage,Ted Stevens Anchorage International Airport,ANC
United States,Appleton,Appleton International Airport,ATW
United States,Atlanta,Hartsfield-Jackson Atlanta International Airport,ATL
United States,Atlantic City,Atlantic City International Airport,ACY
United States,Austin,Austin-Bergstrom International Airport,AUS
United States,Baltimore,Baltimore-Washington International Thurgood Marshall Airport,BWI
United States,Bangor,Bangor International Airport,BGR
United States,Birmingham,Birmingham-Shuttlesworth International Airport,BHM
United States,Boise,Boise Airport,BOI
United States,Boston,Logan International Airport,BOS
United States,Buffalo,Buffalo Niagara International Airport,BUF
United States,Charlotte,Charlotte/Douglas International Airport,CLT
United States,Charleston (SC),Charleston International Airport,CHS
United States,Chicago,Chicago Midway International Airport,MDW
United States,Chicago,O'Hare International Airport,ORD
United States,Cincinnati,Cincinnati/Northern Kentucky International Airport,CVG
United States,Cleveland,Cleveland Hopkins International Airport,CLE
United States,Columbus (OH),John Glenn Columbus International Airport,CMH
United States,Columbus (OH),Rickenbacker International Airport,LCK
United States,Dallas,Dallas/Fort Worth International Airport,DFW
United States,Dayton (OH),Dayton International Airport,DAY
United States,Denver,Denver International Airport,DEN
United States,Des Moines (IA),Des Moines International Airport,DSM
United States,Detroit,Detroit Metropolitan Wayne County Airport,DTW
United States,Fairbanks,Fairbanks International Airport,FAI
United States,Fort Lauderdale,Fort Lauderdale-Hollywood International Airport,FLL
United States,Fort Myers,Southwest Florida International Airport,RSW
United States,Fresno,Fresno Yosemite International Airport,FAT
United States,Hartford,Bradley International Airport,BDL
United States,Green Bay,Green Bay–Austin Straubel International Airport,GRB
United States,Greensboro,Piedmont Triad International Airport,GSO
United States,Hilo,Hilo International Airport,ITO
United States,Honolulu,Daniel K. Inouye International Airport,HNL
United States,Houston,George Bush Intercontinental Airport,IAH
United States,Houston,William P. Hobby Airport,HOU
United States,Huntsville (AL),Huntsville International Airport,HSV
United States,Indianapolis,Indianapolis International Airport,IND
United States,Jacksonville,Jacksonville International Airport,JAX
United States,Juneau,Juneau International Airport,JNU
United States,Kansas City,Kansas City International Airport,MCI
United States,Ketchikan,Ketchikan International Airport,KTN
United States,Key West,Key West International Airport,EYW
United States,Kona,Kona International Airport,KOA
United States,Knoxville,McGhee Tyson Airport,TYS
United States,Lakeland,Lakeland Linder International Airport,LAL
United States,Lansing,Capital Region International Airport,LAN
United States,Las Vegas,McCarran International Airport,LAS
United States,Little Rock,Clinton National Airport,LIT
United States,Los Angeles,Los Angeles International Airport,LAX
United States,Louisville,Louisville International Airport,SDF
United States,Melbourne (FL),Melbourne International Airport,MLB
United States,Memphis,Memphis International Airport,MEM
United States,Miami,Miami International Airport,MIA
United States,Midland,Midland International Air & Space Port,MAF
United States,Milwaukee,General Mitchell International Airport,MKE
United States,Minneapolis/St. Paul,Minneapolis-Saint Paul International Airport,MSP
United States,Myrtle Beach,Myrtle Beach International Airport,MYR
United States,Nashville,Nashville International Airport,BNA
United States,New Orleans,Louis Armstrong New Orleans International Airport,MSY
United States,New York City,John F. Kennedy International Airport,JFK
United States,New York City,LaGuardia Airport,LGA
United States,Newark,Newark Liberty International Airport,EWR
United States,Newburgh,Stewart International Airport,SWF
United States,Norfolk (VA),Norfolk International Airport,ORF
United States,Oakland,Metropolitan Oakland International Airport,OAK
United States,Oklahoma City,Will Rogers World Airport,OKC
United States,Omaha,Eppley Airfield,OMA
United States,Ontario,Ontario International Airport,ONT
United States,Orange County,John Wayne Airport,SNA
United States,Orlando,Orlando International Airport,MCO
United States,Orlando/Sanford,Orlando Sanford International Airport,SFB
United States,Palm Springs,Palm Springs International Airport,PSP
United States,Panama City,Northwest Florida Beaches International Airport,ECP
United States,Pensacola,Pensacola International Airport,PNS
United States,Philadelphia,Philadelphia International Airport,PHL
United States,Phoenix,Phoenix Sky Harbor International Airport,PHX
United States,Phoenix/Mesa,Phoenix–Mesa Gateway Airport,AZA
United States,Pittsburgh,Pittsburgh International Airport,PIT
United States,Portland (ME),Portland International Jetport,PWM
United States,Portland (OR),Portland International Airport,PDX
United States,Providence,T.F. Green Airport,PVD
United States,Raleigh/Durham,Raleigh-Durham International Airport,RDU
United States,Reno,Reno-Tahoe International Airport,RNO
United States,Richmond,Richmond International Airport,RIC
United States,Rochester (MN),Rochester International Airport,RST
United States,Rochester (NY),Greater Rochester International Airport,ROC
United States,Rockford,Chicago Rockford International Airport,RFD
United States,Sacramento,Sacramento International Airport,SMF
United States,Salt Lake City,Salt Lake City International Airport,SLC
United States,San Antonio,San Antonio International Airport,SAT
United States,San Bernardino,San Bernardino International Airport,SBD
United States,San Diego,San Diego International Airport,SAN
United States,San Francisco,San Francisco International Airport,SFO
United States,San Jose (CA),San Jose International Airport,SJC
United States,Sarasota/Bradenton,Sarasota-Bradenton International Airport,SRQ
United States,Savannah (GA)/Hilton Head (SC),Savannah/Hilton Head International Airport,SAV
United States,Seattle,Kenmore Air Harbor Seaplane Base,LKE
United States,Seattle,King County International Airport,BFI
United States,Seattle,Seattle-Tacoma International Airport,SEA
United States,Snohomish County (WA),Paine Field,PAE
United States,Spokane,Spokane International Airport,GEG
United States,St. Louis,Lambert-Saint Louis International Airport,STL
United States,St. Petersburg (FL),St. Petersburg-Clearwater International Airport,PIE
United States,Syracuse,Syracuse Hancock International Airport,SYR
United States,Tallahassee,Tallahassee International Airport,TLH
United States,Tampa,Tampa International Airport,TPA
United States,"Washington, D.C.",Ronald Reagan Washington National Airport**,DCA
United States,"Washington, D.C.",Washington Dulles International Airport,IAD
United States,West Palm Beach,Palm Beach International Airport,PBI
United States,Wilkes-Barre/Scranton,Wilkes-Barre/Scranton International Airport,AVP
United States,Wilmington (NC),Wilmington International Airport,ILM
Argentina,Buenos Aires,Ministro Pistarini International Airport,EZE
Argentina,Buenos Aires,Aeroparque Jorge Newbery,AEP
Argentina,Córdoba,Ingeniero Ambrosio L.V. Taravella International Airport,COR
Argentina,Mendoza,Governor Francisco Gabrielli International Airport,MDZ
Argentina,Puerto Iguazú,Cataratas del Iguazú International Airport,IGR
Argentina,Resistencia,Resistencia International Airport,RES
Argentina,Río Gallegos,Piloto Civil N. Fernández International Airport,RGL
Argentina,San Carlos de Bariloche,Teniente Luis Candelaria International Airport,BRC
Argentina,Ushuaia,Ushuaia International Airport,USH
Bolivia,La Paz,El Alto International Airport,LPB
Bolivia,Santa Cruz de la Sierra,Viru Viru International Airport,VVI
Bolivia,Cochabamba,Jorge Wilstermann International Airport,CBB
Brazil,Aracaju,Santa Maria Airport,AJU
Brazil,Belém,Val de Cães International Airport,BEL
Brazil,Belo Horizonte,Tancredo Neves International Airport,CNF
Brazil,Boa Vista,Boa Vista International Airport,BVB
Brazil,Brasília,Brasília International Airport,BSB
Brazil,Campinas,Viracopos International Airport,VCP
Brazil,Campo Grande,Campo Grande International Airport,CGR
Brazil,Cuiabá,Marechal Rondon International Airport,CGB
Brazil,Curitiba,Afonso Pena International Airport,CWB
Brazil,Florianópolis,Hercílio Luz International Airport,FLN
Brazil,Fortaleza,Pinto Martins International Airport,FOR
Brazil,Foz do Iguaçu,Cataratas International Airport,IGU
Brazil,Goiânia,Santa Genoveva Airport,GYN
Brazil,João Pessoa,Presidente Castro Pinto International Airport,JPA
Brazil,Maceió,Zumbi dos Palmares International Airport,MCZ
Brazil,Manaus,Eduardo Gomes International Airport,MAO
Brazil,Natal,Greater Natal International Airport,NAT
Brazil,Petrolina,Senador Nilo Coelho Airport,PNZ
Brazil,Porto Alegre,Salgado Filho International Airport,POA
Brazil,Porto Velho,Governador Jorge Teixeira de Oliveira International Airport,PVH
Brazil,Recife,Guararapes International Airport,REC
Brazil,Rio Branco,Rio Branco International Airport,RBR
Brazil,Rio de Janeiro,Rio de Janeiro–Galeão International Airport,GIG
Brazil,Rio de Janeiro,Santos Dumont Airport,SDU
Brazil,Salvador,Deputado Luís Eduardo Magalhães International Airport,SSA
Brazil,São Luís,Marechal Cunha Machado International Airport,SLZ
Brazil,São Paulo,São Paulo–Congonhas Airport,CGH
Brazil,São Paulo,São Paulo–Guarulhos International Airport,GRU
Brazil,Teresina,Teresina Airport,THE
Brazil,Uberlândia,Uberlândia Airport,UDI
Brazil,Vitória,Eurico de Aguiar Salles Airport,VIX
Chile,Antofagasta,Cerro Moreno International Airport,ANF
Chile,Concepción,Carriel Sur International Airport,CCP
Chile,Puerto Montt,El Tepual International Airport,PMC
Chile,Punta Arenas,Presidente Carlos Ibáñez del Campo International Airport,PUQ
Chile,Santiago de Chile,Comodoro Arturo Merino Benítez International Airport,SCL
Colombia,Armenia,El Edén International Airport,AXM
Colombia,Barranquilla,Ernesto Cortissoz International Airport,BAQ
Colombia,Bogotá,El Dorado International Airport,BOG
Colombia,Bucaramanga,Palonegro International Airport,BGA
Colombia,Cali,Alfonso Bonilla Aragon International Airport,CLO
Colombia,Cartagena de Indias,Rafael Núñez International Airport,CTG
Colombia,Cúcuta,Camilo Daza International Airport,CUC
Colombia,Leticia,Alfredo Vásquez Cobo International Airport,LET
Colombia,Medellín,José María Córdova International Airport,MDE
Colombia,Pereira,Matecaña International Airport,PEI
Colombia,San Andrés,Gustavo Rojas Pinilla International Airport,ADZ
Colombia,Santa Marta,Simón Bolívar International Airport,SMR
Ecuador,Cuenca,Mariscal Lamar International Airport,CUE
Ecuador,Esmeraldas,Carlos Concha Torres International Airport,ESM
Ecuador,Guayaquil,José Joaquín de Olmedo International Airport,GYE
Ecuador,Machala,Santa Rosa International Airport,ETR
Ecuador,Manta,Eloy Alfaro International Airport,MEC
Ecuador,Quito,Mariscal Sucre International Airport,UIO
Ecuador,Tulcán,Teniente Coronel Luis a Mantilla International Airport,TUA
Falkland Islands,Mount Pleasant,RAF Mount Pleasant,MPN
French Guiana,Cayenne,Cayenne-Rochambeau Airport,CAY
Guyana,Georgetown,Cheddi Jagan International Airport,GEO
Paraguay,Asunción,Silvio Pettirossi International Airport,ASU
Paraguay,Ciudad del Este,Guaraní International Airport,AGT
Peru,Arequipa,Rodríguez Ballón International Airport,AQP
Peru,Cusco,Alejandro Velasco Astete International Airport,CUZ
Peru,Lima,Jorge Chávez International Airport,LIM
Suriname,Paramaribo,Johan Adolf Pengel International Airport,PBM
Uruguay,Montevideo,Carrasco International Airport,MVD
Uruguay,Punta del Este,Capitan Corbeta CA Curbelo International Airport,PDP
Uruguay,Rivera,Rivera International Airport,RVY
Venezuela,Caracas,Simón Bolívar International Airport,CCS
Venezuela,Maracaibo,La Chinita International Airport,MAR
Venezuela,Valencia,Arturo Michelena International Airport,VLN
Kazakhstan,Aktau,Aktau Airport,SCO
Kazakhstan,Almaty,Almaty International Airport,ALA
Kazakhstan,Atyrau,Atyrau Airport,GUW
Kazakhstan,Karaganda,Karaganda Airport,KGF
Kazakhstan,Kostanay,Kostanay Airport,KSN
Kazakhstan,Nur-Sultan,Nursultan Nazarbayev International Airport,TSE
Kazakhstan,Shymkent,Shymkent Airport,CIT
Kazakhstan,Oral,Oral Ak Zhol Airport,URA
Kyrgyzstan,Bishkek,Manas Airport,FRU
Kyrgyzstan,Osh,Osh Airport,OSS
Tajikistan,Dushanbe,Dushanbe Airport,DYU
Tajikistan,Khujand,Khujand Airport,LBD
Turkmenistan,Ashgabat,Ashgabat Airport,ASB
Turkmenistan,Mary,Mary International Airport,MYP
Turkmenistan,Turkmenbashi,Turkmenbashi International Airport,KRW
Uzbekistan,Namangan,Namangan Airport,NMA
Uzbekistan,Tashkent,Tashkent International Airport,TAS
North Korea,Pyongyang,Pyongyang International Airport,FNJ
Japan,Akita,Akita Airport,AXT
Japan,Aomori,Aomori Airport,AOJ
Japan,Fukuoka,Fukuoka Airport,FUK
Japan,Hakodate,Hakodate Airport,HKD
Japan,Kagoshima,Kagoshima Airport,KOJ
Japan,Komatsu,Komatsu Airport,KMQ
Japan,Hiroshima,Hiroshima Airport,HIJ
Japan,Kitakyushu,New Kitakyushu Airport,KKJ
Japan,Nagasaki,Nagasaki Airport,NGS
Japan,Naha,Naha Airport,OKA
Japan,Nagoya,Chubu Centrair International Airport,NGO
Japan,Niigata,Niigata Airport,KIJ
Japan,Oita,Oita Airport,OIT
Japan,Okayama,Okayama Airport,OKJ
Japan,Osaka,Kansai International Airport,KIX
Japan,Sapporo,New Chitose Airport,CTS
Japan,Sendai,Sendai Airport,SDJ
Japan,Shizuoka,Shizuoka Airport,FSZ
Japan,Tokyo/Yokohama,Haneda International Airport,HND
Japan,Tokyo/Chiba,Narita International Airport,NRT
Mongolia,Ulan Bator,Chinggis Khaan International Airport,ULN
China,Beihai,Beihai Fucheng Airport,BHY
China,Beijing,Beijing Capital International Airport,PEK
China,Beijing,Beijing Daxing International Airport,PKX
China,Changchun,Changchun Longjia International Airport,CGQ
China,Changsha,Changsha Huanghua International Airport,CSX
China,Changzhou,Changzhou Benniu Airport,CZX
China,Chengdu,Chengdu Shuangliu International Airport,CTU
China,Chongqing,Chongqing Jiangbei International Airport,CKG
China,Dandong,Dandong Langtou Airport,DDG
China,Dalian,Dalian Zhoushuizi International Airport,DLC
China,Dunhuang,Dunhuang Airport,DNH
China,Fuzhou,Fuzhou Changle International Airport,FOC
China,Guangzhou,Guangzhou Baiyun International Airport,CAN
China,Guilin,Guilin Liangjiang International Airport,KWL
China,Guiyang,Guiyang Longdongbao Airport,KWE
China,Haikou,Haikou Meilan International Airport,HAK
China,Hangzhou,Hangzhou Xiaoshan International Airport,HGH
China,Harbin,Harbin Taiping International Airport,HRB
China,Hefei,Hefei Xinqiao International Airport,HFE
China,Huizhou,Huizhou Pingtan Airport,HUZ
China,Jieyang,Jieyang Chaoshan International Airport,SWA
China,Jinan,Jinan Yaoqiang International Airport,TNA
China,Kunming,Kunming Changshui International Airport,KMG
China,Lanzhou,Lanzhou Zhongchuan International Airport,LHW
China,Lhasa,Lhasa Gonggar Airport,LXA
China,Liuzhou,Liuzhou Bailian Airport,LZH
China,Luoyang,Luoyang Beijiao Airport,LYA
China,Mianyang,Mianyang Nanjiao Airport,MIG
China,Mudanjiang,Mudanjiang Airport,MDG
China,Nanchang,Nanchang Changbei International Airport,KHN
China,Nanjing,Nanjing Lukou International Airport,NKG
China,Nanning,Nanning Wuxu International Airport,NNG
China,Nantong,Nantong Xingdong Airport,NTG
China,Ningbo,Ningbo Lishe International Airport,NGB
China,Qingdao,Qingdao liuting International Airport,TAO
China,Quanzhou,Quanzhou Jinjiang International Airport,JJN
China,Sanya,Sanya Phoenix International Airport,SYX
China,Shanghai,Shanghai Hongqiao International Airport,SHA
China,Shanghai,Shanghai Pudong International Airport,PVG
China,Shenyang,Shenyang Taoxian International Airport,SHE
China,Shenzhen,Shenzhen Bao'an International Airport,SZX
China,Shijiazhuang,Shijiazhuang Zhengding International Airport,SJW
China,Wuxi,Sunan Shuofang International Airport,WUX
China,Taiyuan,Taiyuan Wusu International Airport,TYN
China,Tianjin,Tianjin Binhai International Airport,TSN
China,Tianshui,Tianshui Airport,THQ
China,Ürümqi,Ürümqi Diwopu International Airport,URC
China,Weihai,Weihai International Airport,WEH
China,Wenzhou,Wenzhou Yongqiang Airport,WNZ
China,Wuhan,Wuhan Tianhe International Airport,WUH
China,Xiamen,Xiamen Gaoqi International Airport,XMN
China,Xi'an,Xi'an Xianyang International Airport,XIY
China,Xiangyang,Xiangyang Airport,XFN
China,Xining,Xining Caojiabao Airport,XNN
China,Xichang,Xichang Qingshan Airport,XIC
China,Xuzhou,Xuzhou Guanyin Airport,XUZ
China,Yancheng,Yancheng Nanyang Airport,YNZ
China,Yanji,Yanji Airport,YNJ
China,Yantai,Yantai Penglai International Airport,YNT
China,Yinchuan,Yinchuan Hedong International Airport,INC
China,Zhangjiajie,Zhangjiajie Hehua Airport,DYG
China,Zhangye,Zhangye Ganzhou Airport,YZY
China,Zhengzhou,Zhengzhou Xinzheng International Airport,CGO
China,Zhoushan,Zhoushan Putuoshan Airport,HSN
China,Zhuhai,Zhuhai Jinwan Airport,ZUH
Hong Kong,Hong Kong,Hong Kong International Airport,HKG
Macau,Macau,Macau International Airport,MFM
Taiwan,Kaohsiung,Kaohsiung International Airport,KHH
Taiwan,Taichung,Taichung International Airport,RMQ
Taiwan,Taipei,Taipei Songshan Airport,TSA
Taiwan,Taoyuan,Taoyuan International Airport,TPE
South Korea,Busan,Gimhae International Airport,PUS
South Korea,Daegu,Daegu Airport,TAE
South Korea,Jeju,Jeju International Airport,CJU
South Korea,Seoul,Gimpo International Airport,GMP
South Korea,Incheon,Incheon International Airport,ICN
South Korea,Cheongju,Cheongju International Airport,CJJ
South Korea,Muan,Muan International Airport,MWX
South Korea,Yangyang,Yangyang International Airport,YNY
Bangladesh,Chittagong,Shah Amanat International Airport,CGP
Bangladesh,Dhaka,Hazrat Shahjalal International Airport,DAC
Bangladesh,Sylhet,Osmani International Airport,ZYL
Bhutan,Paro,Paro Airport,PBH
India,Ahmedabad,Sardar Vallabhbhai Patel International Airport,AMD
India,Amritsar,Sri Guru Ram Dass Jee International Airport,ATQ
India,Bangalore,Kempegowda International Airport,BLR
India,Bhopal,Raja Bhoj International Airport,BHO
India,Bhubaneswar,Biju Patnaik International Airport,BBI
India,Chandigarh,Chandigarh International Airport,IXC
India,Chennai,Chennai International Airport,MAA
India,Cochin,Cochin International Airport,COK
India,Coimbatore,Coimbatore International Airport,CJB
India,Delhi,Indira Gandhi International Airport,DEL
India,Goa,Goa International Airport,GOI
India,Gaya,Gaya International Airport,GAY
India,Guwahati,Lokpriya Gopinath Bordoloi International Airport,GAU
India,Hyderabad,Rajiv Gandhi International Airport,HYD
India,Imphal,Imphal International Airport,IMF
India,Indore,Devi Ahilya Bai Holkar International Airport,IDR
India,Jaipur,Jaipur International Airport,JAI
India,Kannur,Kannur International Airport,CNN
India,Kolkata,Netaji Subhash Chandra Bose International Airport,CCU
India,Kozhikode,Calicut International Airport,CCJ
India,Lucknow,Chaudhary Charan Singh International Airport,LKO
India,Madurai,Madurai International Airport,IXM
India,Mangalore,Mangalore International Airport,IXE
India,Mumbai,Chhatrapati Shivaji International Airport,BOM
India,Nagpur,Dr. Babasaheb Ambedkar International Airport,NAG
India,Kanpur,Captain Lakshmi Sehgal International Airport,KPR
India,Port Blair,Veer Savarkar International Airport,IXZ
India,Patna,Jay Prakash Narayan International Airport,PAT
India,Pune,Pune International Airport,PNQ
India,Raipur,Swami Vivekananda Airport,RPR
India,Ranchi,Birsa Munda International Airport,IXR
India,Siliguri,Bagdogra International Airport,IXB
India,Srinagar,Srinagar Airport,SXR
India,Surat,Surat International Airport,STV
India,Trichy,Tiruchirappalli International Airport,TRZ
India,Tirupati,Tirupati Airport,TIR
India,Trivandrum,Trivandrum International Airport,TRV
India,Vadodara,Vadodara International Airport,BDQ
India,Varanasi,Lal Bahadur Shastri International Airport,VNS
India,Vijayawada,Vijayawada International Airport,VGA
India,Visakhapatnam,Visakhapatnam Airport,VTZ
Maldives,Hulhule Island,Velana International Airport,MLE
Maldives,Addu City,Gan International Airport,GAN
Nepal,Kathmandu,Tribhuvan International Airport,KTM
Nepal,Siddharthanagar,Gautam Buddha Airport,BWA
Pakistan,Bahawalpur,Bahawalpur Airport,BHV
Pakistan,Bannu,Bannu Airport,BNP
Pakistan,Chitral,Chitral Airport,CJL
Pakistan,Dera Ghazi Khan,Dera Ghazi Khan International Airport,DEA
Pakistan,Dera Ismail Khan,Dera Ismail Khan Airport,DSK
Pakistan,Faisalabad,Faisalabad International Airport,LYP
Pakistan,Gilgit,Gilgit Airport,GIL
Pakistan,Gwadar,Gwadar International Airport,GWD
Pakistan,Islamabad,Islamabad International Airport,ISB
Pakistan,Karachi,Jinnah International Airport,KHI
Pakistan,Lahore,Allama Iqbal International Airport,LHE
Pakistan,Multan,Multan International Airport,MUX
Pakistan,Peshawar,Bacha Khan International Airport,PEW
Pakistan,Quetta,Quetta International Airport,UET
Pakistan,Rahim Yar Khan,Shaikh Zayed International Airport,RYK
Pakistan,Saidu Sharif,Saidu Sharif Airport,SDT
Pakistan,Sialkot,Sialkot International Airport,SKT
Pakistan,Skardu,Skardu Airport,KDU
Pakistan,Turbat,Turbat International Airport,TUK
Sri Lanka,Colombo,Bandaranaike International Airport,CMB
Sri Lanka,Hambantota,Mattala Rajapaksa International Airport,HRI
Sri Lanka,Colombo,Ratmalana International Airport,RML
Sri Lanka,Jaffna,Jaffna International Airport,JAF
Brunei,Bandar Seri Begawan,Brunei International Airport,BWN
Cambodia,Phnom Penh,Phnom Penh International Airport,PNH
Cambodia,Siem Reap,Siem Reap International Airport,REP
Cambodia,Sihanoukville,Sihanouk International Airport,KOS
East Timor,Dili,Presidente Nicolau Lobato International Airport,DIL
Indonesia,Makassar,Hasanuddin International Airport,UPG
Indonesia,Manado,Sam Ratulangi International Airport,MDC
Indonesia,Mataram,Lombok International Airport,LOP
Indonesia,Medan,Kuala Namu International Airport,KNO
Indonesia,Padang,Minangkabau International Airport,PDG
Indonesia,Palembang,Sultan Mahmud Badaruddin II Airport,PLM
Indonesia,Pekanbaru,Sultan Syarif Qasim II International Airport,PKU
Indonesia,Samarinda,Samarinda International Airport,SRI
Indonesia,Semarang,Achmad Yani International Airport,SRG
Indonesia,Surabaya,Juanda International Airport,SUB
Indonesia,Solo,Adisumarmo International Airport,SOC
Indonesia,Yogyakarta,Adisucipto International Airport,JOG
Indonesia,Jakarta,Soekarno Hatta International Airport,CGK
Indonesia,Jakarta,Halim Perdanakusuma International Airport,HLP
Indonesia,Denpasar,Ngurah Rai International Airport,DPS
Indonesia,Bandung,Husein Sastranegara International Airport,BDO
Indonesia,Balikpapan,Sultan Aji Muhammad Sulaiman Airport,BPN
Indonesia,Ambon,Pattimura Airport,AMQ
Indonesia,Palangkaraya,Tjilik Riwut Airport,PKY
Indonesia,Jayapura,Sentani Airport,DJJ
Indonesia,Banjarmasin,Syamsudin Noor Airport,BDJ
Indonesia,Kupang,El Tari Airport,KOE
Indonesia,Palu,Mutiara Airport,PLW
Indonesia,Kendari,Haluoleo Airport,KDI
Laos,Luang Prabang,Luang Prabang International Airport,LPQ
Laos,Pakse,Pakse International Airport,PKZ
Laos,Vientiane,Wattay International Airport,VTE
Malaysia,Ipoh,Sultan Azlan Shah Airport,IPH
Malaysia,Johor Bahru,Senai International Airport,JHB
Malaysia,Kota Bharu,Sultan Ismail Petra Airport,KBR
Malaysia,Kota Kinabalu,Kota Kinabalu International Airport,BKI
Malaysia,Kuala Lumpur/Sepang,Kuala Lumpur International Airport,KUL
Malaysia,Kuching,Kuching International Airport,KCH
Malaysia,Langkawi,Langkawi International Airport,LGK
Malaysia,Penang,Penang International Airport,PEN
Malaysia,Subang,Sultan Abdul Aziz Shah Airport,SZB
Myanmar (Burma),Mandalay,Mandalay International Airport,MDL
Myanmar (Burma),Yangon,Yangon International Airport,RGN
Myanmar (Burma),Naypyidaw,Naypyidaw International Airport,NYT
Philippines,Cagayan Special Economic Zone,Cagayan North International Airport,LLC
Philippines,Lapu-Lapu,Mactan–Cebu International Airport,CEB
Philippines,Angeles,Clark International Airport,CRK
Philippines,Davao City,Francisco Bangoy International Airport,DVO
Philippines,General Santos,General Santos International Airport,GES
Philippines,Iloilo City,Iloilo International Airport,ILO
Philippines,Kalibo,Kalibo International Airport,KLO
Philippines,Laoag,Laoag International Airport,LAO
Philippines,Manila,Ninoy Aquino International Airport,MNL
Philippines,Panglao Island,Bohol–Panglao International Airport,TAG
Philippines,Puerto Princesa,Puerto Princesa International Airport,PPS
Philippines,Olongapo,Subic Bay International Airport,SFS
Philippines,Zamboanga City,Zamboanga International Airport,ZAM
Singapore,Singapore,Singapore Changi Airport,SIN
Thailand,Bangkok/Samut Prakan,Suvarnabhumi Airport,BKK
Thailand,Bangkok,Don Mueang International Airport,DMK
Thailand,Chiang Mai,Chiang Mai International Airport,CNX
Thailand,Chiang Rai,Mae Fah Luang International Airport,CEI
Thailand,Rayong/Pattaya,U-Tapao International Airport,UTP
Thailand,Hat Yai,Hat Yai International Airport,HDY
Thailand,Krabi,Krabi International Airport,KBV
Thailand,Phuket,Phuket International Airport,HKT
Thailand,Surat Thani,Surat Thani Airport,URT
Thailand,Ko Samui,Samui Airport,USM
Thailand,Udon Thani,Udon Thani International Airport,UTH
Vietnam,Da Nang,Da Nang International Airport,DAD
Vietnam,Hanoi,Noi Bai International Airport,HAN
Vietnam,Ho Chi Minh City,Tan Son Nhat International Airport,SGN
Vietnam,Can Tho,Can Tho International Airport,VCA
Vietnam,Haiphong,Cat Bi International Airport,HPH
Vietnam,Huế,Phu Bai International Airport,HUI
Vietnam,Phu Quoc,Phu Quoc International Airport,PQC
Vietnam,Nha Trang,Cam Ranh International Airport,CXR
Vietnam,Quảng Nam,Chu Lai International Airport,VCL
Afghanistan,Kabul,Hamid Karzai International Airport,KBL
Afghanistan,Herat,Herat International Airport,HEA
Afghanistan,Kandahar,Kandahar International Airport,KDH
Afghanistan,Mazar-i-Sharif,Mazar-e Sharif International Airport,MZR
Bahrain,Manama,Bahrain International Airport,BAH
Iran,Bandar Abbas,Bandar Abbas International Airport,BND
Iran,Birjand,Birjand International Airport,XBJ
Iran,Isfahan,Isfahan International Airport,IFN
Iran,Kish Island,Kish Airport,KIH
Iran,Mashhad,Mashhad International Airport,MHD
Iran,Qeshm,Dayrestan Airport,GSM
Iran,Shiraz,Shiraz International Airport,SYZ
Iran,Tabriz,Tabriz International Airport,TBZ
Iran,Tehran,Mehrabad International Airport,THR
Iran,Tehran,Tehran Imam Khomeini International Airport,IKA
Iraq,Al Najaf,Al Najaf International Airport,NJF
Iraq,Baghdad,Baghdad International Airport,BGW
Iraq,Basra,Basra International Airport,BSR
Iraq,Erbil,Erbil International Airport,EBL
Iraq,Mosul,Mosul International Airport,OSM
Iraq,Sulaymaniyah,Sulaimaniyah International Airport,ISU
Israel,Eilat,Ramon Airport,ETM
Israel,Haifa,Haifa Airport,HFA
Israel,Tel Aviv,Ben Gurion Airport,TLV
Jordan,Aqaba,King Hussein International Airport,AQJ
Jordan,Amman,Queen Alia International Airport,AMM
Jordan,Amman,Amman Civil Airport,ADJ
Kuwait,Kuwait City,Kuwait International Airport,KWI
Lebanon,Beirut,Beirut Rafic Hariri International Airport,BEY
Oman,Muscat,Muscat International Airport,MCT
Oman,Salalah,Salalah International Airport,SLL
Qatar,Doha,Hamad International Airport,DOH
Saudi Arabia,Dammam,King Fahd International Airport,DMM
Saudi Arabia,Jeddah,King Abdulaziz International Airport,JED
Saudi Arabia,Medina,Prince Mohammad Bin Abdulaziz International Airport,MED
Saudi Arabia,Riyadh,King Khalid International Airport,RUH
Syria,Aleppo,Aleppo International Airport,ALP
Syria,Damascus,Damascus International Airport,DAM
Syria,Latakia,Bassel Al-Assad International Airport,LTK
United Arab Emirates,Abu Dhabi,Abu Dhabi International Airport,AUH
United Arab Emirates,Al Ain,Al Ain International Airport,AAN
United Arab Emirates,Dubai,Al-Maktoum International Airport,DWC
United Arab Emirates,Dubai,Dubai International Airport,DXB
United Arab Emirates,Ras Al Khaimah,Ras Al Khaimah International Airport,RKT
United Arab Emirates,Sharjah,Sharjah International Airport,SHJ
Yemen,Aden,Aden International Airport,ADE
Yemen,Sana'a,Sana'a International Airport,SAH
Yemen,Seiyun,Seiyun Airport,GXF
Belgium,Antwerp,Antwerp International Airport,ANR
Belgium,Brussels,Brussels Airport,BRU
Belgium,Brussels/Charleroi,Brussels South Charleroi Airport,CRL
Belgium,Liège,Liège Airport,LGG
Belgium,Ostend/Bruges,Ostend-Bruges International Airport,OST
Belgium,Ajaccio,Campo dell'Oro Airport,AJA
Belgium,Bastia,Poretta Airport,BIA
Belgium,Beauvais,Beauvais-Tillé Airport,BVA
Belgium,Bergerac,Bergerac-Roumanière Airport,EGC
Belgium,Béziers,Béziers Cap d'Agde Airport,BZR
Belgium,Biarritz,Biarritz Airport,BIQ
Belgium,Bordeaux,Mérignac Airport,BOD
Belgium,Brest,Brest Bretagne Airport,BES
Belgium,Carcassonne,Salvaza Airport,CCF
Belgium,Châlons-en-Champagne,Châlons Vatry Airport,XCR
Belgium,Chambéry,Chambéry-Savoie Airport,CMF
Belgium,Dinard,Pleurtuit Airport,DNR
Belgium,Figari,Figari Sud-Corse Airport,FSC
Belgium,Grenoble,Grenoble-Isère Airport,GNB
Belgium,Ile de Re,Île de Ré Airport,LRH
Belgium,Lille,Lille Lesquin Airport,LIL
Belgium,Limoges,Bellegarde Airport,LIG
Belgium,Lyon,Saint-Exupéry Airport,LYS
Belgium,Marseille,Provence Airport,MRS
Belgium,Mulhouse,Basel-Mulhouse-Freiburg Airport,BSL
Belgium,Nantes,Nantes Atlantique Airport,NTE
Belgium,Nice,Côte d'Azur Airport,NCE
Belgium,Nîmes,Garons Airport,FNI
Belgium,Paris,Charles de Gaulle Airport,CDG
Belgium,Paris,Orly Airport,ORY
Belgium,Pau,Uzein Airport,PUF
Belgium,Perpignan,Llabanère Airport,PGF
Belgium,Poitiers,Biard Airport,PIS
Belgium,Rodez,Marcillac Airport,RDZ
Belgium,Saint Etienne,Bouthéon Airport,EBU
Belgium,Strasbourg,Strasbourg Airport,SXB
Belgium,Toulon,Hyères Le Palyvestre Airport,TLN
Belgium,Toulouse,Blagnac Airport,TLS
Belgium,Tours,Tours Loire Valley Airport,TUF
Belgium,Gibraltar,North Front Airport,GIB
Belgium,Alderney,Alderney Airport,ACI
Belgium,Guernsey,Guernsey Airport,GCI
Belgium,Jersey,Jersey Airport,JER
Belgium,Cork,Cork Airport,ORK
Belgium,Dublin,Dublin Airport,DUB
Belgium,Kerry,Kerry Airport,KIR
Belgium,Knock,Ireland West Airport Knock,NOC
Belgium,Shannon,Shannon Airport,SNN
Belgium,Isle of Man,Isle of Man Airport,IOM
Belgium,Luxembourg City,Findel Airport,LUX
Belgium,Amsterdam,Amsterdam Airport Schiphol,AMS
Belgium,Eindhoven,Eindhoven Airport,EIN
Belgium,Groningen,Groningen Airport Eelde,GRQ
Belgium,Maastricht,Maastricht-Aachen Airport,MST
Belgium,Rotterdam,Rotterdam The Hague Airport,RTM
Belgium,Beja,Beja Airport,BYJ
Belgium,Faro,Faro Airport,FAO
Belgium,Funchal,Madeira Airport,FNC
Belgium,Porto Santo Island,Porto Santo Airport,PXO
Belgium,Lisbon,Humberto Delgado Airport,LIS
Belgium,Porto,Francisco Sá Carneiro Airport,OPO
Belgium,Ponta Delgada,João Paulo II Airport,PDL
Belgium,Terceira Island,Terceira Airport,TER
Belgium,A Coruña,Alvedro Airport,LCG
Belgium,Alicante,Alicante Airport,ALC
Belgium,Almeria,Almería International Airport,LEI
Belgium,Asturias,Asturias Airport,OVD
Belgium,Barcelona,Barcelona Airport,BCN
Belgium,Bilbao,Bilbao Airport,BIO
Belgium,Castellón de la Plana,Castellón–Costa Azahar Airport,CDT
Belgium,Fuerteventura,Fuerteventura Airport,FUE
Belgium,Girona,Girona-Costa Brava Airport,GRO
Belgium,Gran Canaria,Gran Canaria Airport,LPA
Belgium,Granada,Federico García Lorca Granada Airport,GRX
Belgium,Huesca,Huesca-Pirineos Airport,HSK
Belgium,Ibiza,Ibiza Airport,IBZ
Belgium,Jerez de la Frontera,Jerez Airport,XRY
Belgium,La Palma,La Palma Airport,SPC
Belgium,Lanzarote,Lanzarote Airport,ACE
Belgium,Lleida,Alguaire Airport,ILD
Belgium,Madrid,Madrid-Barajas Airport,MAD
Belgium,Málaga,Málaga Airport,AGP
Belgium,Menorca,Menorca Airport,MAH
Belgium,Murcia,Región de Murcia International Airport,RMU
Belgium,Palma de Mallorca,Palma de Mallorca Airport,PMI
Belgium,Pamplona,Pamplona Airport,PNA
Belgium,Reus,Reus Airport,REU
Belgium,Santander,Santander Airport,SDR
Belgium,Santiago de Compostela,Santiago de Compostela Airport,SCQ
Belgium,Seville,Seville Airport,SVQ
Belgium,Tenerife,Tenerife North Airport,TFN
Belgium,Tenerife,Tenerife South Airport,TFS
Belgium,Valencia,Valencia Airport,VLC
Belgium,Valladolid,Valladolid Airport,VLL
Belgium,Vigo,Vigo–Peinador Airport,VGO
Belgium,Vitoria-Gasteiz,Vitoria Airport,VIT
Belgium,Zaragoza,Zaragoza Airport,ZAZ
Austria,Graz,Graz Airport,GRZ
Austria,Klagenfurt,Klagenfurt Airport,KLU
Austria,Innsbruck,Innsbruck Airport,INN
Austria,Linz,Linz Airport,LNZ
Austria,Salzburg,Salzburg Airport,SZG
Austria,Vienna,Vienna International Airport,VIE
Austria,Brno,Brno-Tuřany Airport,BRQ
Austria,Karlovy Vary,Karlovy Vary Airport,KLV
Austria,Ostrava,Leoš Janáček Ostrava Airport,OSR
Austria,Prague,Prague Václav Havel Airport,PRG
Austria,Pardubice,Pardubice Airport,PED
Austria,Baden-Baden/Karlsruhe,Karlsruhe/Baden-Baden Airport,FKB
Austria,Berlin,Berlin Tegel Airport,TXL
Austria,Berlin,Berlin Schönefeld Airport,SXF
Austria,Bremen,Bremen Airport,BRE
Austria,Cologne/Bonn,Cologne/Bonn Airport,CGN
Austria,Dortmund,Dortmund Airport,DTM
Austria,Düsseldorf,Düsseldorf Airport,DUS
Austria,Frankfurt,Frankfurt Airport,FRA
Austria,Frankfurt,Frankfurt-Hahn Airport,HHN
Austria,Freiburg im Breisgau,EuroAirport Basel–Mulhouse–Freiburg,MLH/BSL/EAP
Austria,Friedrichshafen,Friedrichshafen Airport,FDH
Austria,Hamburg,Hamburg Airport,HAM
Austria,Hanover,Langenhagen Airport,HAJ
Austria,Leipzig,Leipzig/Halle Airport,LEJ
Austria,Lübeck,Lübeck Airport,LBC
Austria,Memmingen,Memmingen Airport,FMM
Austria,Munich,Munich Airport,MUC
Austria,Nuremberg,Albrecht Dürer Airport,NUE
Austria,Stuttgart,Stuttgart Airport,STR
Austria,Weeze,Weeze Airport,NRN
Austria,Budapest,Budapest Ferenc Liszt International Airport,BUD
Austria,Debrecen,Debrecen International Airport,DEB
Austria,Hévíz,Hévíz-Balaton Airport,SOB
Austria,Győr,Győr-Pér International Airport,QGY
Austria,Pécs,Pécs-Pogány International Airport,QPJ
Austria,Bratislava,M. R. Štefánik Airport,BTS
Austria,Košice,Košice International Airport,KSC
Austria,Piešťany,Piešťany Airport,PZY
Austria,Poprad,Poprad-Tatry Airport,TAT
Austria,Sliač,Sliač Airport,SLD
Austria,Žilina,Žilina Airport,ILZ
Austria,Basel,EuroAirport Basel–Mulhouse–Freiburg,BSL
Austria,Bern,Bern-Belp Airport,BRN
Austria,Geneva,Geneva International Airport,GVA
Austria,St. Gallen,St. Gallen-Altenrhein Airport,ACH
Austria,Zurich,Zurich Airport,ZRH
Austria,Bydgoszcz,Bydgoszcz Ignacy Jan Paderewski Airport,BZG
Austria,Gdańsk,Gdańsk Lech Wałęsa Airport,GDN
Austria,Katowice,Katowice International Airport,KTW
Austria,Kraków,John Paul II International Airport Kraków-Balice,KRK
Austria,Lublin,Lublin Airport,LUZ
Austria,Łódź,Łódź Władysław Reymont Airport,LCJ
Austria,Poznań,Poznań Ławica Airport,POZ
Austria,Rzeszów,Rzeszów-Jasionka Airport,RZE
Austria,Szczecin,"Szczecin-Goleniów ""Solidarność"" Airport",SZZ
Austria,Warsaw,Frédéric Chopin Airport,WAW
Austria,Warsaw,Modlin Airport,WMI
Austria,Wrocław,Copernicus Airport Wrocław,WRO
Croatia,Dubrovnik,Dubrovnik Airport,DBV
Croatia,Zagreb,Franjo Tuđman Airport,ZAG
Croatia,Osijek,Osijek Airport,OSI
Croatia,Pula,Pula Airport,PUY
Croatia,Rijeka,Rijeka Airport,RJK
Croatia,Split,Split Airport,SPU
Croatia,Zadar,Zadar Airport,ZAD
Croatia,Larnaca,Larnaca International Airport,LCA
Croatia,Paphos,Paphos International Airport,PFO
Croatia,North Nicosia,Ercan International Airport,ECN
Croatia,Athens,Athens International Airport,ATH
Croatia,Chania,Chania International Airport,CHQ
Croatia,Chios Island,Chios Island National Airport,JKH
Croatia,Corfu,Ioannis Kapodistrias Airport,CFU
Croatia,Heraklion,Heraklion International Airport,HER
Croatia,Kalamata,Kalamata International Airport,KLX
Croatia,Karpathos Island,Karpathos Island National Airport,AOK
Croatia,Kavala,Kavala International Airport,KVA
Croatia,Kefalonia Island,Kefalonia Island International Airport,EFL
Croatia,Kos Island,Kos Island International Airport,KGS
Croatia,Mykonos Island,Mykonos Island National Airport,JMK
Croatia,Mytilene,Mytilene International Airport,MJT
Croatia,Preveza,Aktion National Airport,PVK
Croatia,Rhodes,Rhodes International Airport,RHO
Croatia,Samos,Samos International Airport,SMI
Croatia,Santorini,Santorini (Thira) National Airport,JTR
Croatia,Skiathos Island,Skiathos Island National Airport,JSI
Croatia,Skyros Island,Skyros Island National Airport,SKU
Croatia,Thessaloniki,Thessaloniki International Airport,SKG
Croatia,Volos,Nea Anchialos National Airport,VOL
Croatia,Zakynthos,Zakynthos International Airport,ZTH
Croatia,Alghero,Fertilia Airport,AHO
Croatia,Ancona,Ancona Airport,AOI
Croatia,Bari,Palese Airport,BRI
Croatia,Bergamo,Orio al Serio Airport,BGY
Croatia,Bologna,Bologna Airport,BLQ
Croatia,Brescia,Brescia Airport,VBS
Croatia,Brindisi,Brindisi Airport,BDS
Croatia,Cagliari,Cagliari Airport,CAG
Croatia,Catania,Fontanarossa Airport,CTA
Croatia,Cuneo,Cuneo Levaldigi Airport,CUF
Croatia,Florence,Peretola Airport,FLR
Croatia,Genoa,Cristoforo Colombo Airport,GOA
Croatia,Lamezia,Lamezia Terme Airport,SUF
Croatia,Milan,Linate Airport,LIN
Croatia,Milan,Malpensa Airport,MXP
Croatia,Naples,Capodichino Airport,NAP
Croatia,Olbia,Costa Smeralda Airport,OLB
Croatia,Palermo,Palermo Airport,PMO
Croatia,Parma,Giuseppe Verdi Airport,PMF
Croatia,Perugia,San Egidio Airport,PEG
Croatia,Pescara,Abruzzo Airport,PSR
Croatia,Pisa,Galileo Galilei Airport,PSA
Croatia,Rimini,Federico Fellini Airport,RMI
Croatia,Rome,Leonardo da Vinci-Fiumicino Airport,FCO
Croatia,Rome,Rome Ciampino Airport,CIA
Croatia,Trapani,Vincenzo Florio Airport,TPS
Croatia,Trieste,Friuli Venezia Giulia Airport,TRS
Croatia,Turin,Caselle Airport,TRN
Croatia,Venice,Venice Marco Polo Airport,VCE
Croatia,Verona,Verona Airport,VRN
Croatia,Ljubljana,Ljubljana Jože Pučnik Airport,LJU
Croatia,Maribor,Maribor Edvard Rusjan Airport,MBX
Croatia,Portorož,Portorož Airport,POW
Albania,Tirana,Tirana International Airport Nënë Tereza,TIA
Albania,Yerevan,Zvartnots International Airport,EVN
Albania,Gyumri,Shirak Airport,LWN
Albania,Baku,Heydar Aliyev International Airport,GYD
Albania,Ganja,Ganja International Airport,KVD
Albania,Nakhchivan,Nakhchivan Airport,NAJ
Albania,Qabala,Qabala International Airport,GBB
Albania,Lankaran,Lankaran International Airport,LLK
Albania,Grodno,Hrodna Airport,GNA
Albania,Gomel,Gomel Airport,GME
Albania,Minsk,Minsk International Airport,MSQ
Albania,Banja Luka,Banja Luka International Airport,BNX
Albania,Sarajevo,Sarajevo International Airport,SJJ
Albania,Tuzla,Tuzla International Airport,TZL
Albania,Mostar,Mostar International Airport,OMO
Albania,Burgas,Burgas Airport,BOJ
Albania,Plovdiv,Plovdiv Airport,PDV
Albania,Sofia,Sofia Airport,SOF
Albania,Varna,Varna Airport,VAR
Albania,Tallinn,Lennart Meri Tallinn Airport,TLL
Albania,Tartu,Tartu Airport,TAY
Albania,Ambrolauri,Ambrolauri Airport,UGAM
Albania,Batumi,Batumi International Airport,BUS
Albania,Kutaisi,Kutaisi International Airport,KUT
Albania,Mestia,Queen Tamar Airport,UGMS
Albania,Natakhtari,Natakhtari Airfield,UGSA
Albania,Sokhumi,Sukhumi Babushara Airport,SUI
Albania,Tbilisi,Tbilisi International Airport,TBS
Albania,Pristina,Pristina International Airport,PRN
Albania,Riga,Riga International Airport,RIX
Albania,Ventspils,Ventspils International Airport,VNT
Albania,Kaunas,Kaunas Airport,KUN
Albania,Palanga,Palanga International Airport,PLQ
Albania,Šiauliai,Šiauliai International Airport,SQQ
Albania,Vilnius,Vilnius International Airport,VNO
Albania,Valletta,Malta International Airport,MLA
Albania,Chişinău,Chişinău International Airport,KIV
Albania,Bacau,George Enescu International Airport,BCM
Albania,Bucharest,Henri Coanda International Airport,OTP
Albania,Cluj-Napoca,Cluj-Napoca International Airport,CLJ
Albania,Constanța,Mihail Kogălniceanu International Airport,CND
Albania,Craiova,Craiova International Airport,CRA
Albania,Iași,Iași International Airport,IAS
Albania,Oradea,Oradea International Airport,OMR
Albania,Sibiu,Sibiu International Airport,SBZ
Albania,Timișoara,Traian Vuia International Airport,TSR
Albania,Podgorica,Podgorica Airport,TGD
Albania,Tivat,Tivat Airport,TIV
Albania,Ohrid,Ohrid St. Paul the Apostle Airport,OHD
Albania,Skopje,Skopje Alexander the Great Airport,SKP
Albania,Abakan,Abakan International Airport,ABA
Albania,Anadyr,Ugolny Airport,DYR
Albania,Anapa,Anapa Airport,AAQ
Albania,Arkhangelsk,Talagi Airport,ARH
Albania,Astrakhan,Narimanovo Airport,ASF
Albania,Barnaul,Barnaul Airport,BAX
Albania,Belgorod,Belgorod International Airport,EGO
Albania,Blagoveshchensk,Ignatyevo Airport,BQS
Albania,Bratsk,Bratsk Airport,BTK
Albania,Bryansk,Bryansk International Airport,BZK
Albania,Cheboksary,Cheboksary Airport,CSY
Albania,Chelyabinsk,Chelyabinsk Airport,CEK
Albania,Cherepovets,Cherepovets Airport,CEE
Albania,Chita,Kadala Airport,HTA
Albania,Elista,Elista Airport,ESL
Albania,Irkutsk,Irkutsk Airport,IKT
Albania,Grozny,Grozny Airport,GRV
Albania,Kaliningrad,Khrabrovo Airport,KGD
Albania,Kazan,Kazan Airport,KZN
Albania,Khabarovsk,Khabarovsk Novy Airport,KHV
Albania,Komsomolsk-on-Amur,Komsomolsk-on-Amur Airport,KXK
Albania,Krasnodar,Pashkovsky Airport,KRR
Albania,Krasnoyarsk,Yemelyanovo International Airport,KJA
Albania,Kursk,Kursk Vostochny Airport,URS
Albania,Magadan,Sokol Airport,GDX
Albania,Magnitogorsk,Magnitogorsk International Airport,MQF
Albania,Makhachkala,Uytash Airport,MCX
Albania,Mineralnye Vody,Mineralnye Vody Airport,MRV
Albania,Moscow,Domodedovo International Airport,DME
Albania,Moscow,Sheremetyevo International Airport,SVO
Albania,Moscow,Vnukovo Airport,VKO
Albania,Murmansk,Murmansk Airport,MMK
Albania,Nalchik,Nalchik Airport,NAL
Albania,Nizhnevartovsk,Nizhnevartovsk Airport,NJC
Albania,Nizhnekamsk,Begishevo Airport,NBC
Albania,Nizhny Novgorod,Strigino Airport,GOJ
Albania,Novokuznetsk,Spichenkovo Airport,NOZ
Albania,Novosibirsk,Tolmachevo Airport,OVB
Albania,Omsk,Omsk Tsentralny Airport,OMS
Albania,Orenburg,Orenburg Tsentralny Airport,REN
Albania,Orsk,Orsk Airport,OSW
Albania,Perm,Perm International Airport,PEE
Albania,Petrozavodsk,Petrozavodsk Airport,PES
Albania,Provideniya,Provideniya Bay Airport,PVS
Albania,Petropavlovsk-Kamchatsky,Yelizovo Airport,PKC
Albania,Pskov,Pskov Airport,PKV
Albania,Rostov-on-Don,Platov International Airport,ROV
Albania,Saint Petersburg,Pulkovo Airport,LED
Albania,Samara,Samara Kurumoch Airport,KUF
Albania,Saratov,Saratov Tsentralny Airport,RTW
Albania,Sochi,Sochi International Airport,AER
Albania,Stavropol,Stavropol Shpakovskoye Airport,STW
Albania,Surgut,Surgut International Airport,SGC
Albania,Syktyvkar,Syktyvkar Airport,SCW
Albania,Tomsk,Bogashevo Airport,TOF
Albania,Tyumen,Roshchino International Airport,TJM
Albania,Ulan-Ude,Baikal International Airport,UUD
Albania,Ulyanovsk,Ulyanovsk Baratayevka Airport,ULV
Albania,Ufa,Ufa International Airport,UFA
Albania,Vladivostok,Vladivostok International Airport,VVO
Albania,Vladikavkaz,Beslan Airport,OGZ
Albania,Volgograd,Volgograd International Airport,VOG
Albania,Voronezh,Voronezh International Airport,VOZ
Albania,Yakutsk,Yakutsk Airport,YKS
Albania,Yaroslavl,Tunoshna Airport,IAR
Albania,Yekaterinburg,Koltsovo International Airport,SVX
Albania,Yuzhno-Sakhalinsk,Yuzhno-Sakhalinsk Airport,UUS
Albania,Belgrade,Belgrade Nikola Tesla Airport,BEG
Albania,Niš,Niš Constantine the Great Airport,INI
Albania,Kraljevo,Morava Airport,KVO
Albania,Adana,Şakirpaşa Airport,ADA
Albania,Ankara,Esenboğa International Airport,ESB
Albania,Antalya,Antalya Airport,AYT
Albania,Bodrum,Milas-Bodrum Airport,BJV
Albania,Bursa,Yenişehir Airport,YEI
Albania,Dalaman,Dalaman Airport,DLM
Albania,Gaziantep,Oğuzeli Airport,GZT
Albania,Istanbul,Istanbul Airport,IST
Albania,Istanbul,Sabiha Gökçen International Airport,SAW
Albania,İzmir,Adnan Menderes Airport,ADB
Albania,Kayseri,Erkilet Airport,ASR
Albania,Konya,Konya Airport,KYA
Albania,Kütahya,Zafer Airport,KZR
Albania,Malatya,Erhaç Airport,MLX
Albania,Nevşehir,Kapadokya Airport,NAV
Albania,Samsun,Samsun-Çarşamba Airport,SZF
Albania,Trabzon,Trabzon Airport,TZX
Albania,Zonguldak,Zonguldak Airport,ONQ
Albania,Kiev,Boryspil International Airport,KBP
Albania,Chernivtsi,Chernivtsi International Airport,CWC
Albania,Dnipro,Dnipropetrovsk International Airport,DNK
Albania,Ivano-Frankivsk,Ivano-Frankivsk International Airport,IFO
Albania,Kharkiv,Kharkiv International Airport,HRK
Albania,Kryvyi Rih,Kryvyi Rih International Airport,KWG
Albania,Kiev,Kyiv Zhuliany International Airport,IEV
Albania,Lviv,Lviv Danylo Halytskyi International Airport,LWO
Albania,Mykolaiv,Mykolaiv International Airport,NLV
Albania,Odessa,Odessa International Airport,ODS
Albania,Poltava,Poltava Airport,PLV
Albania,Simferopol,Simferopol International Airport,SIP
Albania,Uzhhorod,Uzhhorod International Airport,UDJ
Albania,Zaporizhia,Zaporizhia International Airport,OZH
Denmark,Aalborg,Aalborg Airport,AAL
Denmark,Aarhus,Aarhus Airport,AAR
Denmark,Billund,Billund Airport,BLL
Denmark,Copenhagen,Copenhagen Airport,CPH
Faroe Islands,Vágar,Vágar Airport,FAE
Finland,Åland,Mariehamn Airport,MHQ
Finland,Helsinki,Helsinki-Vantaa Airport,HEL
Finland,Kittilä,Kittilä Airport,KTT
Finland,Kuopio,Kuopio Airport,KUO
Finland,Kuusamo,Kuusamo Airport,KAO
Finland,Lappeenranta,Lappeenranta Airport,LPP
Finland,Oulu,Oulu Airport,OUL
Finland,Rovaniemi,Rovaniemi Airport,RVN
Finland,Tampere,Tampere-Pirkkala Airport,TMP
Finland,Turku,Turku Airport,TKU
Finland,Vaasa,Vaasa Airport,VAA
Iceland,Akureyri,Akureyri Airport,AEY
Iceland,Reykjavik,Keflavik International Airport,KEF
Iceland,Reykjavik,Reykjavik Airport,RKV
Norway,Ålesund,Ålesund Airport,AES
Norway,Bergen,Bergen Airport,BGO
Norway,Bodø,Bodø Airport,BOO
Norway,Haugesund,Haugesund Airport,HAU
Norway,Kristiansand,"Kristiansand Airport, Kjevik",KRS
Norway,Kristiansand,"Kristiansund Airport, Kvernberget",KSU
Norway,Oslo,Oslo Airport-Gardermoen,OSL
Norway,Oslo,Sandefjord Airport,TRF
Norway,Stavanger,Stavanger Airport,SVG
Norway,Tromsø,Tromsø Airport,TOS
Norway,Trondheim,Trondheim Airport,TRD
Sweden,Gothenburg,Göteborg Landvetter Airport,GOT
Sweden,Luleå,Luleå Airport,LLA
Sweden,Malmö,Malmö Airport,MMX
Sweden,Norrköping,Norrköping Airport,NRK
Sweden,Östersund,Åre Östersund Airport,OSD
Sweden,Stockholm,Stockholm-Arlanda Airport,ARN
Sweden,Stockholm,Stockholm-Bromma Airport,BMA
Sweden,Stockholm,Stockholm-Skavsta Airport,NYO
Sweden,Stockholm,Stockholm-Västerås Airport,VST
Sweden,Umeå,Umeå Airport,UME
Sweden,Växjö,Växjö Airport,VXO
Sweden,Visby,Visby Airport,VBY
England and Wales,Birmingham,Birmingham International Airport,BHX
England and Wales,Bournemouth,Bournemouth Airport,BOH
England and Wales,Bristol,Bristol Airport,BRS
England and Wales,Cardiff,Cardiff Airport,CWL
England and Wales,Doncaster/Sheffield,Robin Hood Airport Doncaster Sheffield,DSA
England and Wales,Middlesbrough,Durham Tees Valley Airport,MME
England and Wales,Nottingham/Leicester,East Midlands Airport,EMA
England and Wales,Exeter,Exeter International Airport,EXT
England and Wales,Leeds/Bradford,Leeds Bradford International Airport,LBA
England and Wales,Liverpool,Liverpool John Lennon Airport,LPL
England and Wales,London,London City Airport,LCY
England and Wales,Gatwick Airport,LGW,Large
England and Wales,Heathrow Airport,LHR,Large
England and Wales,Luton Airport,LTN,Medium
England and Wales,Southend Airport,SEN,Small
England and Wales,Stansted Airport,STN,Large
England and Wales,Manchester,Manchester Airport,MAN
England and Wales,Newcastle upon Tyne,Newcastle Airport,NCL
England and Wales,Newquay,Newquay Cornwall Airport,NQY
England and Wales,Norwich,Norwich International Airport,NWI
England and Wales,Southampton,Southampton Airport,SOU
Scotland,Aberdeen,Aberdeen Airport,ABZ
Scotland,Edinburgh,Edinburgh Airport,EDI
Scotland,Glasgow,Glasgow International Airport,GLA
Scotland,Glasgow Prestwick Airport,PIK,Small
Scotland,Inverness,Inverness Airport,INV
Northern Ireland,Belfast,Belfast International Airport,BFS
Northern Ireland,George Best Belfast City Airport,BHD,Small
Northern Ireland,Derry,City of Derry Airport,LDY
American Samoa,Pago Pago,Pago Pago International Airport,PPG
Australia,Adelaide,Adelaide Airport,ADL
Australia,Brisbane,Brisbane Airport,BNE
Australia,Cairns,Cairns Airport,CNS
Australia,Canberra,Canberra Airport,CBR
Australia,Darwin,Darwin International Airport,DRW
Australia,Gold Coast,Gold Coast Airport,OOL
Australia,Hobart,Hobart International Airport,HBA
Australia,Melbourne,Melbourne Airport,MEL
Australia,Avalon Airport,AVV,
Australia,Perth,Perth Airport,PER
Australia,Port Hedland,Port Hedland International Airport,PHE
Australia,Sydney,Sydney Airport,SYD
Australia,Townsville,Townsville International Airport,TSV
Christmas Island,Christmas Island,Christmas Island Airport,XCH
Cocos (Keeling) Islands,Cocos (Keeling) Islands,Cocos (Keeling) Islands Airport,CCK
Cook Islands,Rarotonga,Rarotonga Airport,RAR
Easter Island,Hanga Roa,Mataveri International Airport,IPC
Fiji,Nadi,Nadi International Airport,NAN
Fiji,Suva,Nausori International Airport,SUV
French Polynesia,Papeete,Faa'a International Airport,PPT
Guam,Hagåtña,Antonio B. Won Pat International Airport,GUM
Kiribati,Kiritimati,Cassidy International Airport,CXI
Kiribati,Tarawa,Bonriki International Airport,TRW
Marshall Islands,Kwajalein,Bucholz Army Airfield,KWA
Marshall Islands,Majuro,Marshall Islands International Airport,MAJ
Federated States of Micronesia,Chuuk,Chuuk International Airport,TKK
Federated States of Micronesia,Kosrae,Kosrae International Airport,KSA
Federated States of Micronesia,Pohnpei,Pohnpei International Airport,PNI
Federated States of Micronesia,Yap,Yap International Airport,YAP
Nauru,Yaren,Nauru International Airport,INU
New Caledonia,Nouméa,La Tontouta International Airport,NOU
New Zealand,Auckland,Auckland Airport,AKL
New Zealand,Christchurch,Christchurch International Airport,CHC
New Zealand,Dunedin,Dunedin International Airport,DUD
New Zealand,Queenstown,Queenstown Airport,ZQN
New Zealand,Wellington,Wellington International Airport,WLG
Norfolk Island,Norfolk Island,Norfolk Island Airport,NLK
Northern Mariana Islands,Rota Island,Rota International Airport,ROP
Northern Mariana Islands,Saipan Island,Saipan International Airport,SPN
Northern Mariana Islands,Tinian Island,Tinian International Airport,TIQ
Niue,Alofi,Niue International Airport,IUE
Palau,Koror,Roman Tmetuchl International Airport,ROR
Papua New Guinea,Port Moresby,Jacksons International Airport,POM
Samoa,Apia,Faleolo International Airport,APW
Solomon Islands,Honiara,Honiara International Airport,HIR
Tonga,Nukuʻalofa,Fuaʻamotu International Airport,TBU
Tonga,Vavaʻu,Vava'u International Airport,VAV
Tuvalu,Funafuti,Funafuti International Airport,FUN
Vanuatu,Luganville,Santo-Pekoa International Airport,SON
Vanuatu,Port Vila,Bauerfield International Airport,VLI
Wallis and Futuna,Futuna,Pointe Vele Airport,FUT
Wallis and Futuna,Wallis,Hihifo Airport,WLS
